epoch,train_loss,train_bpd,val_loss,val_bpd,val_bpd_std,lr
1,12.6478,11.3701,,,,1.00e-04
2,8.2502,5.5098,7.8356,4.8894,0.0653,2.00e-04
3,7.7832,4.8944,,,,3.00e-04
4,7.4894,4.5254,7.3554,4.2815,0.0702,3.00e-04
5,7.3013,4.2929,,,,3.00e-04
6,7.1740,4.1326,7.0846,3.9358,0.0736,3.00e-04
7,7.0507,3.9823,,,,2.99e-04
8,6.9656,3.8774,6.9021,3.6995,0.0782,2.99e-04
9,6.8993,3.7908,,,,2.98e-04
10,6.8270,3.7020,6.8199,3.5985,0.0812,2.97e-04
11,6.7418,3.5877,,,,2.96e-04
12,6.6061,3.4082,6.7799,3.5609,0.0830,2.95e-04
13,6.4640,3.2143,,,,2.94e-04
14,6.4196,3.1602,6.6783,3.4297,0.0855,2.92e-04
15,6.3930,3.1260,,,,2.91e-04
16,6.3559,3.0853,6.6367,3.3775,0.0861,2.89e-04
17,6.3343,3.0566,,,,2.87e-04
18,6.3191,3.0359,6.5950,3.3250,0.0890,2.85e-04
19,6.3052,3.0206,,,,2.83e-04
20,6.2903,3.0000,6.5697,3.2927,0.0888,2.80e-04
21,6.2690,2.9781,,,,2.78e-04
22,6.2535,2.9634,6.5218,3.2305,0.0896,2.75e-04
23,6.2390,2.9440,,,,2.72e-04
24,6.2268,2.9282,6.5084,3.2115,0.0910,2.70e-04
25,6.2120,2.9085,,,,2.67e-04
26,6.2039,2.8988,6.4951,3.1950,0.0905,2.64e-04
27,6.1910,2.8822,,,,2.60e-04
28,6.1847,2.8767,6.4698,3.1584,0.0905,2.57e-04
29,6.1810,2.8710,,,,2.53e-04
30,6.1679,2.8562,6.4576,3.1506,0.0913,2.50e-04
31,6.1562,2.8439,,,,2.46e-04
32,6.1524,2.8355,6.4277,3.1095,0.0914,2.42e-04
33,6.1436,2.8286,,,,2.39e-04
34,6.1436,2.8232,6.4227,3.1040,0.0911,2.35e-04
35,6.1331,2.8136,,,,2.31e-04
36,6.1275,2.8056,6.4112,3.0878,0.0911,2.26e-04
37,6.1212,2.7995,,,,2.22e-04
38,6.1117,2.7901,6.3952,3.0658,0.0907,2.18e-04
39,6.1113,2.7883,,,,2.14e-04
40,6.1014,2.7772,6.3830,3.0500,0.0915,2.09e-04
41,6.0968,2.7719,,,,2.05e-04
42,6.0927,2.7682,6.3846,3.0541,0.0910,2.00e-04
43,6.0884,2.7611,,,,1.95e-04
44,6.0854,2.7585,6.3678,3.0357,0.0914,1.91e-04
45,6.0733,2.7473,,,,1.86e-04
46,6.0776,2.7481,6.3605,3.0240,0.0913,1.81e-04
47,6.0731,2.7452,,,,1.77e-04
48,6.0624,2.7369,6.3524,3.0138,0.0914,1.72e-04
49,6.0649,2.7366,,,,1.67e-04
50,6.0576,2.7275,6.3427,3.0023,0.0914,1.62e-04
51,6.0519,2.7223,,,,1.57e-04
52,6.0521,2.7205,6.3408,3.0015,0.0913,1.52e-04
53,6.0457,2.7142,,,,1.48e-04
54,6.0488,2.7171,6.3301,2.9877,0.0914,1.43e-04
55,6.0420,2.7097,,,,1.38e-04
56,6.0359,2.7053,6.3259,2.9806,0.0913,1.33e-04
57,6.0321,2.6986,,,,1.28e-04
58,6.0267,2.6949,6.3201,2.9747,0.0913,1.23e-04
59,6.0227,2.6898,,,,1.19e-04
60,6.0163,2.6855,6.3182,2.9719,0.0912,1.14e-04
61,6.0240,2.6899,,,,1.09e-04
62,6.0182,2.6855,6.3066,2.9573,0.0913,1.05e-04
63,6.0166,2.6824,,,,1.00e-04
64,6.0125,2.6774,6.3025,2.9562,0.0913,9.54e-05
65,6.0092,2.6773,,,,9.09e-05
66,6.0008,2.6685,6.2958,2.9462,0.0914,8.65e-05
67,6.0080,2.6736,,,,8.21e-05
68,5.9988,2.6651,6.2946,2.9452,0.0913,7.78e-05
69,6.0031,2.6658,,,,7.36e-05
70,5.9972,2.6633,6.2898,2.9375,0.0913,6.95e-05
71,5.9990,2.6634,,,,6.54e-05
72,5.9921,2.6581,6.2897,2.9364,0.0913,6.14e-05
73,5.9924,2.6541,,,,5.76e-05
74,5.9906,2.6552,6.2838,2.9318,0.0913,5.38e-05
75,5.9811,2.6483,,,,5.01e-05
76,5.9793,2.6462,6.2820,2.9292,0.0914,4.65e-05
77,5.9908,2.6522,,,,4.31e-05
78,5.9791,2.6436,6.2749,2.9226,0.0913,3.97e-05
79,5.9858,2.6489,,,,3.65e-05
80,5.9805,2.6435,6.2774,2.9250,0.0914,3.34e-05
81,5.9762,2.6388,,,,3.04e-05
82,5.9814,2.6410,6.2766,2.9232,0.0914,2.75e-05
83,5.9756,2.6393,,,,2.48e-05
84,5.9718,2.6362,6.2695,2.9139,0.0914,2.22e-05
85,5.9738,2.6377,,,,1.97e-05
86,5.9752,2.6383,6.2668,2.9107,0.0914,1.74e-05
87,5.9737,2.6351,,,,1.52e-05
88,5.9685,2.6326,6.2654,2.9097,0.0914,1.31e-05
89,5.9725,2.6347,,,,1.12e-05
90,5.9672,2.6304,6.2639,2.9076,0.0914,9.42e-06
91,5.9733,2.6335,,,,7.80e-06
92,5.9593,2.6233,6.2623,2.9060,0.0914,6.33e-06
93,5.9627,2.6267,,,,5.01e-06
94,5.9628,2.6278,6.2619,2.9051,0.0914,3.84e-06
95,5.9671,2.6295,,,,2.82e-06
96,5.9717,2.6318,6.2614,2.9044,0.0914,1.96e-06
97,5.9628,2.6250,,,,1.26e-06
98,5.9606,2.6243,6.2609,2.9040,0.0914,7.07e-07
99,5.9661,2.6283,,,,3.15e-07
100,5.9671,2.6294,6.2606,2.9038,0.0914,7.87e-08
